recipe_name,image_file_1,category
Adrienne's Delight,Adriennes Delight 1.png,Appetizer
Cheese Ball,Cheese Ball 1.png,Appetizer
Daffodil Dip,Daffodil Dip 1.png,Appetizer
Mystery Appetizer,Mystery Appetizer 1.png,Appetizer
Sauerkraut Balls,Sauerkraut Balls 1.png,Appetizer
Sweet Potato Cheese Ball,Sweet Potato Cheese Ball 1.png,Appetizer
Tomato Shrimp Cocktail,Tomato Shrimp Cocktail 1.png,Appetizer
Veg Dip,Veg Dip 1.png,Appetizer
Veg Pizza,Veg Pizza 1.png,Appetizer
Zucchini hors d'oeuvre,Zucchini Hors Doeuvre 1.png,Appetizer
Bishops Haslets Punch,Bishops Haslets Punch.png,Beverages
Caribbean Cocktail Cooler,Caribbean Cocktail Cooler.png,Beverages
Cran Raspberry Punch,Cran Raspberry Punch.png,Beverages
Creamsicle Drink,Creamsicle Drink.png,Beverages
Delicious Punch,Delicious Punch.png,Beverages
Hot Chocolate,Hot Chocolate.png,Beverages
Orange Juice Pineapple,Orange Juice Pineapple.png,Beverages
Punch for a Crowd,Punch for a Crowd.png,Beverages
White Christmas Punch,White Christmas Punch.png,Beverages
Apple Orange Bread,Apple Orange Bread 1.png,Bread
Apple Walnut Bread,Apple Walnut Bread 1.png,Bread
Apricot Banana Bread,Apricot Banana Bread 1.png,Bread
Banana Pineapple Bread,Banana Pineapple Bread 1.png,Bread
Banana Pineapple Bread 2,Banana Pineapple Bread 2 1.png,Bread
Berry Mini Breads,Berry Mini Breads 1.png,Bread
Bran Muffins,Bran Muffins 1.png,Bread
Bran Muffins 2,Bran Muffins 2 1.png,Bread
Butter Pecan Bread,Butter Pecan Bread 1.png,Bread
Carrot Banana Bread,Carrot Banana Bread 1.png,Bread
Cherry Nut Bread,Cherry Nut Bread 1.png,Bread
Cinnamon Oatmeal Raisin Bread,Cinnamon Oatmeal Raisin Bread 1.png,Bread
Cinnamon Rolls,Cinnamon Rolls 1.png,Bread
Cinnamon Rolls 2 ,Cinnamon Rolls 2 -1.png,Bread
Coconut Bread,Coconut Bread 1.png,Bread
Cranberry Fruit Nut Bread,Cranberry Fruit Nut Bread 1.png,Bread
Cranberry Nut Bread,Cranberry Nut Bread.png,Bread
GIFT OF THE MAGI BREAD,GIFT OF THE MAGI BREAD.png,Bread
Hamburger Buns,Hamburger Buns 1.png,Bread
Honey Nut Sticky Buns,hnsb.png,Bread
Irish Soda Bread,Irish Soda Bread 1.png,Bread
Lemon Loaf,Lemon Loaf 1.png,Bread
Lemony Zucchini Bread ,Lemony Zucchini Bread -1.png,Bread
Les Poppy Seed Cake,Les Poppy Seed Cake 1.png,Bread
Mystery No Knead Bread,No Knead.png,Bread
Old Fashion Walnut Streusel Bread,Old Fashion Walnut Strussel Bread 1.png,Bread
Orange Rolls,OR.png,Bread
Orange Buttermilk Muffins,Orange Buttermilk Muffins 1.png,Bread
Orange Nut Bran Bread,Orange Nut Bran Bread 1.png,Bread
Orange Walnut Bread,Orange Walnut Bread 1.png,Bread
Peanut Butter Pumpkin Bread,Peanut Butter Pumplin Bread 1.png,Bread
Pineapple Cookies,Pineapple Cookies 1.png,Bread
Pineapple Pecan Loaf,Pineapple Pecan Loaf 1.png,Bread
Pumpkin Bread,Pumpkin Bread 1.png,Bread
Rhubarb Muffins,Rhubarb Muffins 1.png,Bread
Sabbath Day Rolls,Sabbath Day Rolls 1.png,Bread
Southwestern Savory Muffins,Southwestern Savory Muffins 1.png,Bread
Spicy Pineapple Zucchini Bread,Spicy Pineapple Zuchinni Bread 1.png,Bread
Sugar Plum Tree,Sugar Plum Tree 1.png,Bread
Whole Wheat Pancakes or Waffles,Whole Wheat Pancakes or Waffles 1.png,Bread
Wholewheat Bread,Wholewheat Bread 1.png,Bread
Zucchini Pancakes (2),zcp2.png,Bread
Zucchini Bread,Zucchini Bread 1.png,Bread
Zucchini Pancakes,Zucchini Pancakes 1.png,Bread
Zucchini Pineapple Bread,Zucchini Pineapple Bread 1.png,Bread
Christmas Blondies,18.png,Cakes
Never Fail Or Seven Minute Icing,20.png,Cakes
Fluffy White Frosting,22.png,Cakes
Texas Sheet Cake,24.png,Cakes
Poppyseed Bundt Cake,26.png,Cakes
Upside-Down Raspberry Cake,28.png,Cakes
Peach Poundcake,30.png,Cakes
Milk Chocolate Bundt Cake,32.png,Cakes
Buttermilk Cocoa Cake,34.png,Cakes
Fudgy Chocolate Cherry Layered Cake,41.png,Cakes
Pumpkin Sheet Cake,RECIPE CS08032023202601_001.png,Cakes
Chocolate Cookie Torte,RECIPE CS08032023202601_002.png,Cakes
Poundcake Ring,RECIPE CS08032023202601_003.png,Cakes
Pineapple Poundcake,RECIPE CS08032023202602_001 - Copy.png,Cakes
Turtle Sunday Dessert,RECIPE CS08032023202602_002.png,Cakes
Pancakes,RECIPE CS08032023204929_001.png,Cakes
Sheet Cake Recipes,RECIPE FECW_001.png,Cakes
Sheet Cake Recipes (2),RECIPE FECW_002.png,Cakes
Pumpkin Raisin Cake,RECIPE FECW_003.png,Cakes
Sour Cream Chocolate Frosting,RECIPE FECW_004.png,Cakes
Yellow Cake Mix Creation,RECIPE FECW_005.png,Cakes
Peppermint Ice Cream Cake,RECIPE FECW_006.png,Cakes
Chocolate Zucchini Cake,RECIPE FECW_007.png,Cakes
Banana Split Snack Cake,RECIPE FECW_008.png,Cakes
Banana Upside Down Cake,RECIPE FECW_009.png,Cakes
Orange Zucchini Cake,RECIPE FECW_010.png,Cakes
Barry Glaze Chocolate Cake,RECIPE FECW_011.png,Cakes
Apple Walnut Harvest Cake,RECIPE FECW_012.png,Cakes
Celebrity Hummingbird Cake,RECIPE FECW_013.png,Cakes
Butter Pecan Cake,RECIPE FECW_014.png,Cakes
Holiday Brownies,RECIPE FECW_015.png,Cakes
Boiled Raisin Cake,RECIPE FECW_016.png,Cakes
Boiled Raisin Cake 2,RECIPE FECW_017.png,Cakes
Cake Mix Derivations,RECIPE FECW_036.png,Cakes
Cake Mix Derivations 2,RECIPE FECW_037.png,Cakes
Chocoholic Cake,RECIPE FECW_038.png,Cakes
Pumpkin Cake,RECIPE FECW_039.png,Cakes
Peaches And Cream Torte ,RECIPE FECW_042.png,Cakes
German Chocolate Cake Mix,RECIPE FECW_043.png,Cakes
Crumb Cake,RECIPE FECW_044.png,Cakes
Buttery Almond Crunch,Buttery Almond Crunch.png,Candy
Cadbury Eggs,Cadbury Eggs.png,Candy
Candied Nuts,Candied Nuts.png,Candy
Candy Bar Bars,Candy Bar Bars.png,Candy
Candy Eggs,Candy Eggs.png,Candy
Caramel Marshmallows,Caramel Marshmallows.png,Candy
Caramel Popcorn,Caramel Popcorn.png,Candy
Carmel Corn,Carmel Corn.png,Candy
Cashew Caramel Fudge,Cashew Caramel Fudge.png,Candy
Cathedral Windows,Cathedral Windows.png,Candy
Chocolate Pecan Caramels,Chocolate Pecan Caramels.png,Candy
Chocolate Truffles (2),Chocolate Truffles No 2.png,Candy
Chocolate Truffles,Chocolate Truffles.png,Candy
Corn Pops,Corn Pops.png,Candy
Cow Pies,Cow Pies.png,Candy
Easter Eggs,Easter Eggs.png,Candy
English Toffee,English Toffee.png,Candy
Nestle Recipes,Nestle Recipes.png,Candy
Never Fail Divinity,Never Fail Divinity.png,Candy
Nutty Chocolate Marshmallow Cups,Nutty Chocolate Marshmallow Cups.png,Candy
PECAN DELIGHTS,PECAN DELIGHTS.png,Candy
Philly Nuggets and Bonbons,Philly Nuggets and Bonbons.png,Candy
Rice Krispies Caramel Marshmallows,Rice Krispies Caramel Marshmallows.png,Candy
Saltine Candy,Saltine Candy.png,Candy
See's Fudge,Sees Fudge.png,Candy
Smores Bars,Smores Bars.png,Candy
Spiced Popcorn,Spiced Popcorn.png,Candy
Sugared Walnuts,Sugared Walnuts.png,Candy
Ultimate Chocolate Dip,Ultimate Chocolate Dip.png,Candy
Peach Raspberry Jam,RECIPE FECW_046.png,Canning
Dill Pickles,RECIPE FECW_047.png,Canning
Plum Conserve,RECIPE FECW_048.png,Canning
Mustard Pickles,RECIPE FECW_049.png,Canning
Chili Sauce,RECIPE FECW_050.png,Canning
Peach Raspberry Jam #2,RECIPE FECW_051.png,Canning
Pickled Beets,RECIPE FECW_053.png,Canning
Crisp Pickle Slices,RECIPE FECW_054.png,Canning
Salsa,RECIPE FECW_055.png,Canning
Chili Sauce #2,RECIPE FECW_057.png,Canning
Lasagne,fff 1.png,Casseroles
Chinese Sundae,ffg 1.png,Casseroles
Private Eye Pie,ffh 1.png,Casseroles
Jack Pot Casserole,JAck Pot Casserole.png,Casseroles
Pepperoni Pizza Chili,PPC.png,Casseroles
Tuna-Lima Bean Casserole,RECIPE CS Casseroles09302023172443_001.png,Casseroles
Spam And Rice Casserole,RECIPE FECW casseroles_022.png,Casseroles
Zucchini Rice With Sausage,RECIPE FECW casseroles_025.png,Casseroles
Tuna Casserole,RECIPE FECW casseroles_028.png,Casseroles
Meat Patties,RECIPE FECW casseroles_031.png,Casseroles
Meal Casserole,RECIPE FECW casseroles_032.png,Casseroles
Zingy Zucchini Casserole,RECIPE FECW casseroles_035.png,Casseroles
Pot Pie,RECIPE FECW casseroles_038.png,Casseroles
Stroganoff,RECIPE FECW casseroles_039.png,Casseroles
Frank's Burritos,RECIPE FECW casseroles_040.png,Casseroles
Meat Balls,RECIPE FECW casseroles_041.png,Casseroles
Creamy Spam And Broccoli Casserole,RECIPE FECW casseroles_042.png,Casseroles
Hamburger-Corn Bake,RECIPE FECW casseroles_043.png,Casseroles
Corn And Potato Casserole,RECIPE FECW casseroles_044.png,Casseroles
Creamy Meatballs And Potatoes,RECIPE FECW casseroles_045.png,Casseroles
Spaghetti Casserole,RECIPE FECW casseroles_046.png,Casseroles
Ground Beef And Vegetables Over Rice,RECIPE FECW casseroles_047.png,Casseroles
Six Veggie Casserole,RECIPE FECW casseroles_050.png,Casseroles
Cabbage Casserole,RECIPE FECW casseroles_051.png,Casseroles
Country Pineapple Casserole,RECIPE FECW casseroles_054.png,Casseroles
Omelet Biscuit Cups,RECIPE FECW casseroles_055.png,Casseroles
Scrambled Egg Casserole,RECIPE FECW casseroles_056.png,Casseroles
Brunch Egg And Cheese And Ham Casserole,RECIPE FECW casseroles_057.png,Casseroles
Beef And Asparagus Skillet Dinner,RECIPE FECW casseroles_058.png,Casseroles
Franks 'N' Beans Supper,RECIPE FECW casseroles_059.png,Casseroles
Philippine Fried Rice,RECIPE FECW casseroles_060.png,Casseroles
Smoke Sausage And Beans,RECIPE FECW casseroles_061.png,Casseroles
Mashed Potato Sausage Bake,RECIPE FECW casseroles_062.png,Casseroles
Sausage Skillet Supper,RECIPE FECW casseroles_063.png,Casseroles
Apricot Beef Stir-fry,RECIPE FECW casseroles_064.png,Casseroles
German Macaroni,RECIPE FECW casseroles_065.png,Casseroles
Ground Beef And Rice Pie ,RECIPE FECW casseroles_066.png,Casseroles
Eggs Over English Muffins,RECIPE FECW casseroles_067.png,Casseroles
Skillet Beef And Green Beans,RECIPE FECW casseroles_068.png,Casseroles
Grandma's Casserole,RECIPE FECW casseroles_070.png,Casseroles
Lasagne (2),RECIPE FECW casseroles_072.png,Casseroles
One Step Tamale Pie,RECIPE FECW casseroles_074.png,Casseroles
Tamale Skillet Meal,RECIPE FECW casseroles_075.png,Casseroles
Cindy's Diner Garbage Pie,RECIPE FECW casseroles_076.png,Casseroles
Mexican Taters And Beans,RECIPE FECW casseroles_077.png,Casseroles
Sunday Brunch Casserole,RECIPE FECW casseroles_078.png,Casseroles
Beef Nacho Casserole,RECIPE FECW casseroles_079.png,Casseroles
Lasagna,RECIPE FECW casseroles_082.png,Casseroles
Easy Pasta Skillet,RECIPE FECW casseroles_085.png,Casseroles
Cheesy Chicken And Broccoli Macaroni,RECIPE FECW casseroles_086.png,Casseroles
Boiled Dinner,RECIPE FECW casseroles_087.png,Casseroles
Pineapple Stuffing Casserole,RECIPE FECW casseroles_088.png,Casseroles
Spaghetti Primavera,RECIPE FECW casseroles_089.png,Casseroles
Spaghetti Pie,RECIPE FECW casseroles_090.png,Casseroles
Vegetable Beef Casserole,RECIPE FECW casseroles_091.png,Casseroles
Tuna Crunch Casserole,RECIPE FECW casseroles_092.png,Casseroles
Crusty SPAMbake,RECIPE FECW casseroles_093.png,Casseroles
Lasagna Roll-Ups,RECIPE FECW casseroles_094.png,Casseroles
Chicken Tuna Casserole,RECIPE FECW casseroles_095.png,Casseroles
Beef And Cabbage Taco Casserole,RECIPE FECW casseroles_096.png,Casseroles
Chili Spaghetti,RECIPE FECW casseroles_097.png,Casseroles
Spam Potato Casserole,RECIPE FECW casseroles_098.png,Casseroles
Butternut Squash Bake,RECIPE FECW casseroles_099.png,Casseroles
Sweet Potato - Apple Casserole,RECIPE FECW casseroles_100.png,Casseroles
Savory Spaghetti,RECIPE FECW casseroles_101.png,Casseroles
Red Beans And Rice,RECIPE FECW casseroles_102.png,Casseroles
